id_peaje_peaje;id_categoria_categoria_vehicular;valor;ult_fecha_cambio
110;7;200;6/01/2021
110;13;200;6/01/2021
110;15;200;6/01/2021
110;17;200;6/01/2021
110;22;200;6/01/2021
110;24;200;6/01/2021
110;26;200;6/01/2021
96;6;10200;16/01/2021
96;11;16000;16/01/2021
96;14;24700;16/01/2021
96;16;36200;16/01/2021
96;21;49500;16/01/2021
96;23;49900;16/01/2021
96;1;9100;16/01/2021
96;4;6700;16/01/2021
96;5;8800;16/01/2021
96;7;5400;16/01/2021
96;13;10900;16/01/2021
96;12;5700;16/01/2021
35;6;8400;6/01/2021
35;11;12600;6/01/2021
35;14;11000;6/01/2021
35;16;14600;6/01/2021
35;21;24900;6/01/2021
35;23;33600;6/01/2021
35;25;36400;6/01/2021
35;7;200;6/01/2021
35;13;200;6/01/2021
35;15;200;6/01/2021
35;17;200;6/01/2021
35;22;200;6/01/2021
35;24;200;6/01/2021
35;26;200;6/01/2021
16;6;9800;16/01/2021
16;11;12700;16/01/2021
16;14;31600;16/01/2021
16;16;38100;16/01/2021
16;21;43800;16/01/2021
16;1;9800;16/01/2021
16;4;6800;16/01/2021
16;5;9400;16/01/2021
16;7;2300;16/01/2021
125;6;10500;16/01/2021
125;11;15000;16/01/2021
125;14;12700;16/01/2021
125;16;16900;16/01/2021
125;21;29600;16/01/2021
125;23;39700;16/01/2021
125;25;43700;16/01/2021
125;7;6000;16/01/2021
125;13;8700;16/01/2021
125;15;7100;16/01/2021
125;17;9700;16/01/2021
125;19;7600;16/01/2021
9;6;9100;16/01/2021
9;11;15800;16/01/2021
9;14;10200;16/01/2021
9;16;23000;16/01/2021
9;21;35000;16/01/2021
9;23;45000;16/01/2021
9;25;49900;16/01/2021
9;13;14900;16/01/2021
50;6;9100;16/01/2021
50;11;15800;16/01/2021
50;14;10200;16/01/2021
50;16;23000;16/01/2021
50;21;35000;16/01/2021
50;23;45000;16/01/2021
50;25;49900;16/01/2021
50;13;14900;16/01/2021
63;6;10200;16/01/2021
63;11;16000;16/01/2021
63;14;24700;16/01/2021
63;16;36200;16/01/2021
63;21;49500;16/01/2021
63;23;49900;16/01/2021
63;1;9100;16/01/2021
63;4;6700;16/01/2021
63;5;8800;16/01/2021
63;7;5400;16/01/2021
63;13;10900;16/01/2021
134;6;9100;16/01/2021
134;11;15800;16/01/2021
134;14;10200;16/01/2021
134;16;23000;16/01/2021
134;21;35000;16/01/2021
134;23;45000;16/01/2021
134;25;49900;16/01/2021
134;13;14900;16/01/2021
85;6;11200;1/06/2020
85;11;29400;1/06/2020
85;14;22200;1/06/2020
85;16;43600;1/06/2020
85;21;50800;1/06/2020
85;23;58600;1/06/2020
85;25;65000;1/06/2020
85;7;500;1/06/2020
85;13;500;1/06/2020
85;15;500;1/06/2020
85;17;500;1/06/2020
85;22;500;1/06/2020
85;9;500;1/06/2020
85;10;500;1/06/2020
98;6;18500;1/06/2020
98;11;36400;1/06/2020
98;14;24900;1/06/2020
98;16;43600;1/06/2020
98;21;47500;1/06/2020
98;23;72800;1/06/2020
98;25;94200;1/06/2020
98;7;3500;1/06/2020
98;9;3500;1/06/2020
98;10;3500;1/06/2020
136;6;7000;16/01/2021
136;11;14200;16/01/2021
136;14;9100;16/01/2021
136;16;14200;16/01/2021
136;21;20400;16/01/2021
136;23;27400;16/01/2021
136;25;30700;16/01/2021
47;6;8400;15/01/2021
47;11;9300;15/01/2021
47;14;24300;15/01/2021
47;16;30100;15/01/2021
47;21;35400;15/01/2021
47;1;8600;15/01/2021
47;4;6000;15/01/2021
47;5;7200;15/01/2021
47;9;4600;15/01/2021
79;6;13900;16/01/2021
79;11;17000;16/01/2021
79;14;21800;16/01/2021
79;16;27500;16/01/2021
79;21;42400;16/01/2021
79;23;53000;16/01/2021
79;25;61500;16/01/2021
79;1;9300;16/01/2021
79;7;4600;16/01/2021
79;13;11300;16/01/2021
79;15;9700;16/01/2021
79;17;9700;16/01/2021
79;22;20500;16/01/2021
79;9;8900;16/01/2021
79;12;11400;16/01/2021
4;6;8400;15/01/2021
4;11;9300;15/01/2021
4;14;24300;15/01/2021
4;16;30100;15/01/2021
4;21;35400;15/01/2021
4;1;8600;15/01/2021
4;4;6000;15/01/2021
4;5;7200;15/01/2021
32;6;8600;1/06/2020
32;11;9200;1/06/2020
32;14;9200;1/06/2020
32;16;9200;1/06/2020
32;21;19500;1/06/2020
32;23;24800;1/06/2020
32;25;28000;1/06/2020
32;7;1800;1/06/2020
32;13;2000;1/06/2020
106;6;8900;16/01/2021
106;11;9900;16/01/2021
106;14;20500;16/01/2021
106;16;26100;16/01/2021
106;21;29500;16/01/2021
106;1;9100;16/01/2021
106;4;6700;16/01/2021
106;5;8800;16/01/2021
106;7;2200;16/01/2021
106;13;2400;16/01/2021
62;6;13300;16/01/2021
62;11;19600;16/01/2021
62;14;19600;16/01/2021
62;16;19600;16/01/2021
62;21;35500;16/01/2021
62;23;56500;16/01/2021
62;25;65100;16/01/2021
112;6;13700;16/01/2021
112;11;16900;16/01/2021
112;14;21000;16/01/2021
112;16;26600;16/01/2021
112;21;40500;16/01/2021
112;23;50700;16/01/2021
112;25;58600;16/01/2021
112;7;3700;16/01/2021
112;13;7100;16/01/2021
112;15;8700;16/01/2021
46;6;10500;16/01/2021
46;11;11000;16/01/2021
46;14;23300;16/01/2021
46;16;30400;16/01/2021
46;21;35100;16/01/2021
73;6;8000;20/01/2019
73;11;9000;20/01/2019
73;14;21500;20/01/2019
73;16;28200;20/01/2019
73;21;32100;20/01/2019
73;1;9800;20/01/2019
73;4;6300;20/01/2019
73;5;20800;20/01/2019
73;3;6300;20/01/2019
73;7;600;20/01/2019
73;13;600;20/01/2019
131;6;8300;16/01/2018
131;11;10000;16/01/2018
131;14;26900;16/01/2018
131;16;35200;16/01/2018
131;21;40500;16/01/2018
131;1;10000;16/01/2018
131;4;6200;16/01/2018
131;5;19800;16/01/2018
131;3;6200;16/01/2018
131;7;4300;16/01/2018
131;13;5100;16/01/2018
97;6;11000;7/01/2021
97;11;13300;7/01/2021
97;14;13300;7/01/2021
97;16;13300;7/01/2021
97;21;32400;7/01/2021
97;23;40500;7/01/2021
97;25;47000;7/01/2021
97;7;3500;7/01/2021
97;13;3900;7/01/2021
97;15;4100;7/01/2021
124;6;11000;7/01/2021
124;11;13300;7/01/2021
124;14;13300;7/01/2021
124;16;13300;7/01/2021
124;21;32400;7/01/2021
124;23;40500;7/01/2021
124;25;47000;7/01/2021
117;6;11000;7/01/2021
117;11;13300;7/01/2021
117;14;13300;7/01/2021
117;16;13300;7/01/2021
117;21;32400;7/01/2021
117;23;40500;7/01/2021
117;25;47000;7/01/2021
117;7;3500;7/01/2021
117;13;3900;7/01/2021
117;15;4100;7/01/2021
127;6;8700;16/01/2021
127;11;9500;16/01/2021
127;14;20200;16/01/2021
127;16;25700;16/01/2021
127;21;29000;16/01/2021
127;1;9100;16/01/2021
127;4;6700;16/01/2021
127;5;8800;16/01/2021
127;3;7100;16/01/2021
69;6;8700;16/01/2021
69;11;9500;16/01/2021
69;14;20200;16/01/2021
69;16;25700;16/01/2021
69;21;28900;16/01/2021
69;1;9100;16/01/2021
69;4;6700;16/01/2021
69;5;8800;16/01/2021
101;6;8700;16/01/2021
101;11;9500;16/01/2021
101;14;20200;16/01/2021
101;16;25700;16/01/2021
101;21;28900;16/01/2021
101;1;9100;16/01/2021
101;4;6700;16/01/2021
101;5;8800;16/01/2021
8;6;8700;16/01/2021
8;11;9500;16/01/2021
8;14;20200;16/01/2021
8;16;25700;16/01/2021
8;21;28900;16/01/2021
8;1;9100;16/01/2021
8;4;6700;16/01/2021
8;5;8800;16/01/2021
8;13;4500;16/01/2021
8;15;10100;16/01/2021
71;6;9200;8/01/2021
71;11;11000;8/01/2021
71;14;11000;8/01/2021
71;16;11000;8/01/2021
71;21;24600;8/01/2021
71;23;33000;8/01/2021
71;25;37000;8/01/2021
71;7;7000;8/01/2021
71;13;200;8/01/2021
91;6;16200;15/01/2019
91;11;18300;15/01/2019
91;14;39900;15/01/2019
91;16;51900;15/01/2019
91;21;62100;15/01/2019
91;1;6300;15/01/2019
91;7;8100;15/01/2019
91;13;9200;15/01/2019
119;6;16200;15/01/2019
119;11;18300;15/01/2019
119;14;39900;15/01/2019
119;16;51900;15/01/2019
119;21;62100;15/01/2019
119;1;6300;15/01/2019
119;7;8100;15/01/2019
119;13;9200;15/01/2019
56;6;12600;8/01/2021
56;11;22000;8/01/2021
56;14;17600;8/01/2021
56;16;22000;8/01/2021
56;21;43800;8/01/2021
56;23;62400;8/01/2021
56;25;62400;8/01/2021
56;7;9500;8/01/2021
80;6;13300;16/01/2021
80;11;19600;16/01/2021
80;14;19600;16/01/2021
80;16;19600;16/01/2021
80;21;35500;16/01/2021
80;23;56500;16/01/2021
80;25;65100;16/01/2021
80;7;4500;16/01/2021
80;13;13100;16/01/2021
80;15;13100;16/01/2021
80;17;13100;16/01/2021
80;28;8000;16/01/2021
80;9;11800;16/01/2021
108;6;13300;16/01/2021
108;11;19600;16/01/2021
108;14;19600;16/01/2021
108;16;19600;16/01/2021
108;21;35500;16/01/2021
108;23;56500;16/01/2021
108;25;65100;16/01/2021
108;7;8000;16/01/2021
108;13;11800;16/01/2021
108;15;9900;16/01/2021
108;17;9900;16/01/2021
108;28;6700;16/01/2021
108;19;300;16/01/2021
108;8;2400;16/01/2021
108;9;9900;16/01/2021
108;10;300;16/01/2021
22;6;13300;16/01/2021
22;11;19600;16/01/2021
22;14;19600;16/01/2021
22;16;19600;16/01/2021
22;21;35500;16/01/2021
22;23;56500;16/01/2021
22;25;65100;16/01/2021
22;7;8000;16/01/2021
22;13;11800;16/01/2021
78;6;4800;15/01/2021
78;11;12600;15/01/2021
78;14;19600;15/01/2021
78;16;24900;15/01/2021
78;21;28600;15/01/2021
78;7;3100;15/01/2021
78;13;6600;15/01/2021
78;9;5100;15/01/2021
77;6;4800;15/01/2021
77;11;12600;15/01/2021
77;14;19600;15/01/2021
77;16;24900;15/01/2021
77;21;28600;15/01/2021
77;7;3100;15/01/2021
77;13;6600;15/01/2021
77;9;5100;15/01/2021
82;6;13000;16/01/2021
82;11;19200;16/01/2021
82;14;19200;16/01/2021
82;16;19200;16/01/2021
82;21;20500;16/01/2021
82;23;29900;16/01/2021
82;25;30000;16/01/2021
82;7;8000;16/01/2021
82;13;11800;16/01/2021
15;6;13000;16/01/2021
15;11;19200;16/01/2021
15;14;19200;16/01/2021
15;16;19200;16/01/2021
15;21;20500;16/01/2021
15;23;29900;16/01/2021
15;25;30000;16/01/2021
15;7;700;16/01/2021
15;13;700;16/01/2021
15;15;700;16/01/2021
15;17;700;16/01/2021
15;8;6600;16/01/2021
75;6;8700;16/01/2021
75;11;9500;16/01/2021
75;14;20200;16/01/2021
75;16;25700;16/01/2021
75;21;28900;16/01/2021
75;1;9100;16/01/2021
75;4;6700;16/01/2021
75;5;8800;16/01/2021
75;3;7100;16/01/2021
75;7;5600;16/01/2021
75;13;2300;16/01/2021
87;6;12900;16/01/2021
87;11;16000;16/01/2021
87;14;19800;16/01/2021
87;16;25100;16/01/2021
87;21;38500;16/01/2021
87;23;48300;16/01/2021
87;25;56000;16/01/2021
87;7;5700;16/01/2021
44;6;12900;16/01/2021
44;11;16000;16/01/2021
44;14;19800;16/01/2021
44;16;25100;16/01/2021
44;21;38500;16/01/2021
44;23;48300;16/01/2021
44;25;56000;16/01/2021
49;6;12900;16/01/2021
49;11;16000;16/01/2021
49;14;19800;16/01/2021
49;16;25100;16/01/2021
49;21;38500;16/01/2021
49;23;48300;16/01/2021
49;25;56000;16/01/2021
49;7;8200;16/01/2021
59;6;10100;1/06/2020
59;11;20100;1/06/2020
59;14;13800;1/06/2020
59;16;24200;1/06/2020
59;21;35900;1/06/2020
59;23;47700;1/06/2020
59;25;51900;1/06/2020
88;6;10100;1/06/2020
88;11;20100;1/06/2020
88;14;13800;1/06/2020
88;16;24200;1/06/2020
88;21;35900;1/06/2020
88;23;47700;1/06/2020
88;25;51900;1/06/2020
88;7;3700;1/06/2020
103;6;3800;16/01/2021
103;11;13200;16/01/2021
103;14;8300;16/01/2021
103;16;13200;16/01/2021
103;21;18700;16/01/2021
103;23;25000;16/01/2021
103;25;28300;16/01/2021
66;6;13200;1/06/2020
66;11;26300;1/06/2020
66;14;19000;1/06/2020
66;16;31700;1/06/2020
66;21;47100;1/06/2020
66;23;62100;1/06/2020
66;25;71100;1/06/2020
66;7;6500;1/06/2020
21;6;4600;1/06/2020
21;11;5000;1/06/2020
21;14;5000;1/06/2020
21;16;5000;1/06/2020
21;21;20400;1/06/2020
21;23;25900;1/06/2020
21;25;29200;1/06/2020
55;6;10400;15/01/2021
55;11;12200;15/01/2021
55;14;29100;15/01/2021
55;16;39100;15/01/2021
55;21;43100;15/01/2021
55;1;10100;15/01/2021
55;4;6700;15/01/2021
55;5;9500;15/01/2021
55;7;6000;15/01/2021
121;6;9000;16/01/2018
121;11;9600;16/01/2018
121;14;10500;16/01/2018
121;16;11100;16/01/2018
121;21;12000;16/01/2018
121;23;34500;16/01/2018
121;25;39500;16/01/2018
121;7;2900;16/01/2018
121;22;25900;16/01/2018
41;6;10100;16/01/2021
41;11;15600;16/01/2021
41;14;12600;16/01/2021
41;16;20000;16/01/2021
41;21;29200;16/01/2021
41;23;47200;16/01/2021
41;25;59500;16/01/2021
41;7;5200;16/01/2021
41;13;7900;16/01/2021
6;6;10100;16/01/2021
6;11;15600;16/01/2021
6;14;12600;16/01/2021
6;16;20000;16/01/2021
6;21;29200;16/01/2021
6;23;47200;16/01/2021
6;25;59500;16/01/2021
6;7;5200;16/01/2021
6;13;7900;16/01/2021
93;6;10100;16/01/2021
93;11;15600;16/01/2021
93;14;12600;16/01/2021
93;16;20000;16/01/2021
93;21;29200;16/01/2021
93;23;47200;16/01/2021
93;25;59500;16/01/2021
93;7;5200;16/01/2021
93;13;3100;16/01/2021
93;15;3100;16/01/2021
93;17;3100;16/01/2021
93;8;3100;16/01/2021
74;11;9100;16/01/2021
74;14;20500;16/01/2021
74;16;26400;16/01/2021
74;21;30100;16/01/2021
74;1;9400;16/01/2021
74;4;6800;16/01/2021
74;5;9100;16/01/2021
74;7;6400;16/01/2021
67;6;8500;20/01/2021
67;11;9400;20/01/2021
67;14;20500;20/01/2021
67;16;26400;20/01/2021
67;21;30100;20/01/2021
67;1;9400;20/01/2021
67;4;6800;20/01/2021
67;5;9100;20/01/2021
67;15;10400;20/01/2021
67;17;13300;20/01/2021
67;22;15200;20/01/2021
5;6;8900;16/01/2021
5;11;9900;16/01/2021
5;14;20500;16/01/2021
5;16;26100;16/01/2021
5;21;29500;16/01/2021
5;1;9100;16/01/2021
5;4;6700;16/01/2021
5;5;8800;16/01/2021
5;3;7100;16/01/2021
5;7;2600;16/01/2021
137;6;8300;16/01/2018
137;11;10000;16/01/2018
137;14;26900;16/01/2018
137;16;35200;16/01/2018
137;21;40500;16/01/2018
137;1;10000;16/01/2018
137;4;6200;16/01/2018
137;5;19800;16/01/2018
137;3;6200;16/01/2018
137;7;4300;16/01/2018
137;13;5100;16/01/2018
48;6;8400;16/01/2018
48;11;10100;16/01/2018
48;14;27200;16/01/2018
48;16;35300;16/01/2018
48;21;40600;16/01/2018
48;1;10000;16/01/2018
48;4;6200;16/01/2018
48;5;19800;16/01/2018
48;3;6200;16/01/2018
48;7;4400;16/01/2018
48;13;7500;16/01/2018
23;6;8300;16/01/2018
23;11;10000;16/01/2018
23;14;26900;16/01/2018
23;16;35200;16/01/2018
23;21;40500;16/01/2018
23;1;10000;16/01/2018
23;4;6200;16/01/2018
23;5;19800;16/01/2018
23;3;6200;16/01/2018
23;7;4300;16/01/2018
95;6;8300;16/01/2018
95;11;10000;16/01/2018
95;14;26900;16/01/2018
95;16;35200;16/01/2018
95;21;40500;16/01/2018
95;1;10000;16/01/2018
95;4;6200;16/01/2018
95;5;19800;16/01/2018
95;3;6200;16/01/2018
29;6;8400;16/01/2018
29;11;10100;16/01/2018
29;14;27200;16/01/2018
29;16;35300;16/01/2018
29;21;40600;16/01/2018
29;1;10000;16/01/2018
29;4;6200;16/01/2018
29;5;19800;16/01/2018
29;3;6200;16/01/2018
29;7;4400;16/01/2018
29;13;7500;16/01/2018
114;6;8300;16/01/2018
114;11;10000;16/01/2018
114;14;26900;16/01/2018
114;16;35200;16/01/2018
114;21;40500;16/01/2018
114;1;10000;16/01/2018
114;4;6200;16/01/2018
114;5;19800;16/01/2018
114;3;6200;16/01/2018
114;7;4300;16/01/2018
83;6;8300;16/01/2018
83;11;10000;16/01/2018
83;14;26900;16/01/2018
83;16;35200;16/01/2018
83;21;40500;16/01/2018
83;1;10000;16/01/2018
83;4;6200;16/01/2018
83;5;19800;16/01/2018
83;3;6200;16/01/2018
24;6;8300;16/01/2018
24;11;10000;16/01/2018
24;14;26900;16/01/2018
24;16;35200;16/01/2018
24;21;40500;16/01/2018
24;1;10000;16/01/2018
24;4;6200;16/01/2018
24;5;19800;16/01/2018
24;3;6200;16/01/2018
34;6;11000;7/01/2021
34;11;13300;7/01/2021
34;14;13300;7/01/2021
34;16;13300;7/01/2021
34;21;32400;7/01/2021
34;23;40500;7/01/2021
34;25;47000;7/01/2021
30;6;14500;7/01/2021
30;11;18600;7/01/2021
30;14;18600;7/01/2021
30;16;18600;7/01/2021
30;21;45200;7/01/2021
30;23;55500;7/01/2021
30;25;61800;7/01/2021
25;6;12000;16/01/2019
25;11;13800;16/01/2019
25;14;34000;16/01/2019
25;16;44600;16/01/2019
25;21;51000;16/01/2019
25;1;15200;16/01/2019
25;4;10300;16/01/2019
25;5;15000;16/01/2019
25;7;2600;16/01/2019
25;13;9000;16/01/2019
2;6;12000;16/01/2021
2;11;14800;16/01/2021
2;14;14800;16/01/2021
2;16;14800;16/01/2021
2;21;35700;16/01/2021
2;23;44700;16/01/2021
2;25;51600;16/01/2021
128;6;12100;7/01/2021
128;11;16100;7/01/2021
128;14;16100;7/01/2021
128;16;16100;7/01/2021
128;21;40100;7/01/2021
128;23;53100;7/01/2021
128;25;59300;7/01/2021
129;6;12100;7/01/2021
129;11;16100;7/01/2021
129;14;16100;7/01/2021
129;16;16100;7/01/2021
129;21;40100;7/01/2021
129;23;53100;7/01/2021
129;25;59300;7/01/2021
123;6;8800;16/01/2021
123;11;9500;16/01/2021
123;14;20400;16/01/2021
123;16;26000;16/01/2021
123;21;29100;16/01/2021
123;1;9100;16/01/2021
123;4;6700;16/01/2021
123;5;8800;16/01/2021
123;7;2500;16/01/2021
133;6;8400;15/01/2021
133;11;9300;15/01/2021
133;14;24300;15/01/2021
133;16;30100;15/01/2021
133;21;35400;15/01/2021
133;1;8600;15/01/2021
133;4;6000;15/01/2021
133;5;7200;15/01/2021
133;9;3200;15/01/2021
133;10;4600;15/01/2021
133;12;4800;15/01/2021
138;6;4600;1/06/2020
138;11;5000;1/06/2020
138;14;5000;1/06/2020
138;16;5000;1/06/2020
138;21;20400;1/06/2020
138;23;25900;1/06/2020
138;25;29200;1/06/2020
45;6;8900;16/01/2021
45;11;9900;16/01/2021
45;14;20500;16/01/2021
45;16;26100;16/01/2021
45;21;29500;16/01/2021
45;1;9100;16/01/2021
45;4;6700;16/01/2021
45;5;8800;16/01/2021
68;6;2000;1/06/2020
68;11;2000;1/06/2020
68;14;2000;1/06/2020
68;16;2000;1/06/2020
68;21;2000;1/06/2020
68;1;2000;1/06/2020
68;4;2000;1/06/2020
42;6;2000;1/06/2020
42;11;2000;1/06/2020
42;14;2000;1/06/2020
42;16;2000;1/06/2020
42;21;2000;1/06/2020
42;1;2000;1/06/2020
42;4;2000;1/06/2020
64;6;8600;16/01/2021
64;11;9300;16/01/2021
64;14;20200;16/01/2021
64;16;25600;16/01/2021
64;21;28900;16/01/2021
64;1;9100;16/01/2021
64;4;6700;16/01/2021
64;5;8800;16/01/2021
64;7;2200;16/01/2021
70;6;4800;15/01/2021
70;11;12600;15/01/2021
70;14;19600;15/01/2021
70;16;24900;15/01/2021
70;21;28600;15/01/2021
70;7;3100;15/01/2021
70;13;6600;15/01/2021
70;9;5100;15/01/2021
122;6;13300;16/01/2021
122;11;19600;16/01/2021
122;14;19600;16/01/2021
122;16;19600;16/01/2021
122;21;35500;16/01/2021
122;23;56500;16/01/2021
122;25;65100;16/01/2021
38;6;9200;16/01/2021
38;11;10200;16/01/2021
38;14;21200;16/01/2021
38;16;27000;16/01/2021
38;21;30400;16/01/2021
38;1;9100;16/01/2021
38;4;6700;16/01/2021
38;5;8800;16/01/2021
38;7;1500;16/01/2021
38;13;1500;16/01/2021
54;6;8400;10/01/2021
54;11;9300;10/01/2021
54;14;20800;10/01/2021
54;16;27800;10/01/2021
54;21;31800;10/01/2021
54;1;9100;10/01/2021
54;4;6300;10/01/2021
54;5;8800;10/01/2021
94;6;8500;10/01/2021
94;11;9200;10/01/2021
94;14;19700;10/01/2021
94;16;25700;10/01/2021
94;21;29900;10/01/2021
94;23;29900;10/01/2021
94;25;29900;10/01/2021
94;7;3700;10/01/2021
94;15;8600;10/01/2021
132;6;3700;10/01/2021
132;11;8600;10/01/2021
132;14;10600;10/01/2021
132;16;10600;10/01/2021
132;21;10600;10/01/2021
132;13;3700;10/01/2021
104;6;9600;20/01/2021
104;11;12000;20/01/2021
104;14;25400;20/01/2021
104;16;36000;20/01/2021
104;21;38600;20/01/2021
104;1;9400;20/01/2021
104;4;6800;20/01/2021
104;5;9100;20/01/2021
104;7;2800;20/01/2021
17;6;13500;16/01/2021
17;11;16600;16/01/2021
17;14;20700;16/01/2021
17;16;26200;16/01/2021
17;21;40200;16/01/2021
17;7;2900;16/01/2021
109;6;9000;16/01/2018
109;11;9600;16/01/2018
109;14;10500;16/01/2018
109;16;11100;16/01/2018
109;21;12000;16/01/2018
109;23;34500;16/01/2018
109;25;39500;16/01/2018
109;22;25900;16/01/2018
40;6;9600;20/01/2021
40;11;12000;20/01/2021
40;14;25400;20/01/2021
40;16;36000;20/01/2021
40;21;38600;20/01/2021
40;1;9400;20/01/2021
40;4;6800;20/01/2021
40;5;9100;20/01/2021
40;7;2800;20/01/2021
39;6;8300;20/01/2021
39;11;9100;20/01/2021
39;14;21400;20/01/2021
39;16;28100;20/01/2021
39;21;32600;20/01/2021
39;1;10100;20/01/2021
39;4;6800;20/01/2021
39;5;9600;20/01/2021
39;15;10800;20/01/2021
39;17;14200;20/01/2021
39;22;16400;20/01/2021
135;6;8500;20/01/2021
135;11;9400;20/01/2021
135;14;20500;20/01/2021
135;16;26400;20/01/2021
135;21;30100;20/01/2021
135;1;9400;20/01/2021
135;4;6800;20/01/2021
135;5;9100;20/01/2021
81;6;15200;16/01/2021
81;11;22900;16/01/2021
81;14;16600;16/01/2021
81;16;29000;16/01/2021
81;21;91100;16/01/2021
81;23;121600;16/01/2021
81;25;135100;16/01/2021
11;6;8400;10/01/2021
11;11;9300;10/01/2021
11;14;20800;10/01/2021
11;16;27800;10/01/2021
11;21;31800;10/01/2021
11;1;9100;10/01/2021
11;4;6300;10/01/2021
11;5;8800;10/01/2021
51;6;13200;16/01/2021
51;11;19800;16/01/2021
51;14;14300;16/01/2021
51;16;25200;16/01/2021
51;21;78900;16/01/2021
51;23;105200;16/01/2021
51;25;116700;16/01/2021
107;6;14200;16/01/2021
107;11;21400;16/01/2021
107;14;15500;16/01/2021
107;16;27200;16/01/2021
107;21;85200;16/01/2021
107;23;113500;16/01/2021
107;25;126000;16/01/2021
107;7;12000;16/01/2021
107;13;18100;16/01/2021
115;6;8900;10/01/2021
115;11;9700;10/01/2021
115;14;21300;10/01/2021
115;16;27800;10/01/2021
115;21;32200;10/01/2021
115;1;9100;10/01/2021
115;4;6300;10/01/2021
115;5;8800;10/01/2021
115;7;3100;10/01/2021
115;13;3700;10/01/2021
92;6;6000;16/01/2021
92;11;7100;16/01/2021
92;14;14900;16/01/2021
92;16;26300;16/01/2021
92;21;83800;16/01/2021
92;23;112300;16/01/2021
92;25;124700;16/01/2021
130;6;8900;20/01/2021
130;11;9800;20/01/2021
130;14;23100;20/01/2021
130;16;30300;20/01/2021
130;21;35200;20/01/2021
130;1;10900;20/01/2021
130;4;7300;20/01/2021
130;5;10400;20/01/2021
130;15;11600;20/01/2021
130;17;15300;20/01/2021
130;22;17700;20/01/2021
130;2;5500;20/01/2021
86;6;10100;16/01/2021
86;11;15600;16/01/2021
86;14;12600;16/01/2021
86;16;20000;16/01/2021
86;21;29200;16/01/2021
86;23;47200;16/01/2021
86;25;59500;16/01/2021
86;7;5200;16/01/2021
86;13;7900;16/01/2021
120;6;4500;16/01/2018
120;11;4800;16/01/2018
120;14;5300;16/01/2018
120;16;5700;16/01/2018
120;21;11900;16/01/2018
120;23;34500;16/01/2018
120;25;39300;16/01/2018
120;22;25900;16/01/2018
120;8;3100;16/01/2018
120;9;4300;16/01/2018
120;10;4300;16/01/2018
10;6;11300;16/01/2021
10;11;12100;16/01/2021
10;14;12500;16/01/2021
10;16;13000;16/01/2021
10;21;27900;16/01/2021
10;23;38200;16/01/2021
10;25;52900;16/01/2021
10;7;5600;16/01/2021
52;6;8900;10/01/2021
52;11;9700;10/01/2021
52;14;20700;10/01/2021
52;16;26700;10/01/2021
52;21;30100;10/01/2021
52;1;9500;10/01/2021
52;4;6800;10/01/2021
52;5;9100;10/01/2021
61;6;13200;16/01/2021
61;11;19800;16/01/2021
61;14;14300;16/01/2021
61;16;25200;16/01/2021
61;21;78900;16/01/2021
61;23;105200;16/01/2021
61;25;116700;16/01/2021
18;6;10500;16/01/2021
18;11;14700;16/01/2021
18;14;20200;16/01/2021
18;16;27100;16/01/2021
18;21;38400;16/01/2021
18;23;62200;16/01/2021
18;25;71100;16/01/2021
14;6;5100;16/01/2021
14;11;17000;16/01/2021
14;14;23200;16/01/2021
14;16;31100;16/01/2021
14;21;44300;16/01/2021
14;23;71400;16/01/2021
14;25;81700;16/01/2021
60;6;12000;16/01/2021
60;11;14900;16/01/2021
60;14;14900;16/01/2021
60;16;14900;16/01/2021
60;21;35600;16/01/2021
60;23;44700;16/01/2021
60;25;51500;16/01/2021
60;1;3000;16/01/2021
60;4;5300;16/01/2021
60;5;5300;16/01/2021
60;3;5300;16/01/2021
60;7;6000;16/01/2021
60;15;7500;16/01/2021
60;17;7500;16/01/2021
57;6;10500;16/01/2021
57;11;14700;16/01/2021
57;14;20200;16/01/2021
57;16;27100;16/01/2021
57;21;38400;16/01/2021
57;23;62200;16/01/2021
57;25;71100;16/01/2021
126;6;10200;16/01/2021
126;11;16000;16/01/2021
126;14;26900;16/01/2021
126;16;39600;16/01/2021
126;21;54000;16/01/2021
126;23;54500;16/01/2021
126;1;9100;16/01/2021
126;4;6700;16/01/2021
126;5;8800;16/01/2021
126;7;2100;16/01/2021
126;13;10900;16/01/2021
126;12;5700;16/01/2021
118;6;13000;16/01/2021
118;11;19200;16/01/2021
118;14;19200;16/01/2021
118;16;19200;16/01/2021
118;21;20500;16/01/2021
118;23;29900;16/01/2021
118;25;30000;16/01/2021
65;6;9800;20/01/2017
65;11;12400;20/01/2017
65;14;29000;20/01/2017
65;16;34800;20/01/2017
65;21;40800;20/01/2017
65;1;9100;20/01/2017
65;4;6500;20/01/2017
65;5;8900;20/01/2017
90;6;8700;20/01/2017
90;11;9600;20/01/2017
90;14;19900;20/01/2017
90;16;25600;20/01/2017
90;21;29000;20/01/2017
90;1;9100;20/01/2017
90;4;6500;20/01/2017
90;5;8900;20/01/2017
90;7;4300;20/01/2017
90;13;200;20/01/2017
90;15;10100;20/01/2017
90;17;12900;20/01/2017
90;22;14600;20/01/2017
76;6;7600;16/01/2017
76;11;8300;16/01/2017
76;14;21300;16/01/2017
76;16;26500;16/01/2017
76;21;31000;16/01/2017
76;1;9100;16/01/2017
76;4;6200;16/01/2017
76;5;8900;16/01/2017
89;6;7600;16/01/2017
89;11;8300;16/01/2017
89;14;21300;16/01/2017
89;16;26500;16/01/2017
89;21;31000;16/01/2017
89;1;9100;16/01/2017
89;4;6200;16/01/2017
89;7;800;16/01/2017
89;13;800;16/01/2017
19;6;4200;1/01/2015
19;11;4900;1/01/2015
37;6;4200;1/01/2015
37;11;4400;1/01/2015
37;14;19000;1/01/2015
37;16;24000;1/01/2015
37;21;27700;1/01/2015
37;1;8200;1/01/2015
37;4;5600;1/01/2015
37;5;7900;1/01/2015
53;6;7400;20/01/2017
53;11;8300;20/01/2017
53;14;17500;20/01/2017
53;16;22200;20/01/2017
53;21;25500;20/01/2017
53;1;8100;20/01/2017
53;4;6000;20/01/2017
53;5;7800;20/01/2017
53;7;200;20/01/2017
53;13;200;20/01/2017
53;15;8900;20/01/2017
53;17;11200;20/01/2017
53;22;12900;20/01/2017
99;6;7400;1/09/2017
99;11;8300;1/09/2017
99;14;17500;1/09/2017
99;16;22200;1/09/2017
99;21;25500;1/09/2017
99;1;8100;1/09/2017
99;4;6000;1/09/2017
99;5;7800;1/09/2017
99;7;200;1/09/2017
99;13;4300;1/09/2017
99;15;8900;1/09/2017
99;17;11200;1/09/2017
99;22;12900;1/09/2017
139;6;9800;20/01/2017
139;11;12400;20/01/2017
139;14;29000;20/01/2017
139;16;34800;20/01/2017
139;21;40800;20/01/2017
139;1;9100;20/01/2017
139;4;6500;20/01/2017
139;5;8900;20/01/2017
3;6;9800;20/01/2017
3;11;12400;20/01/2017
3;14;29000;20/01/2017
3;16;34800;20/01/2017
3;21;40800;20/01/2017
84;11;9600;20/01/2017
84;14;19900;20/01/2017
84;16;25600;20/01/2017
84;21;29000;20/01/2017
84;1;9100;20/01/2017
84;4;6500;20/01/2017
84;5;8900;20/01/2017
72;6;6500;16/01/2016
72;11;7500;16/01/2016
72;14;17800;16/01/2016
72;16;23600;16/01/2016
72;21;27000;16/01/2016
72;1;8500;16/01/2016
72;4;5800;16/01/2016
72;5;8200;16/01/2016
72;7;3200;16/01/2016
72;13;3700;16/01/2016
36;6;7600;16/01/2017
36;11;8300;16/01/2017
36;14;21300;16/01/2017
36;16;26500;16/01/2017
36;21;31000;16/01/2017
36;1;9100;16/01/2017
36;4;6200;16/01/2017
36;5;8900;16/01/2017
113;6;6500;16/01/2016
113;11;7500;16/01/2016
113;14;17800;16/01/2016
113;16;23600;16/01/2016
113;21;27000;16/01/2016
113;1;8500;16/01/2016
113;4;5800;16/01/2016
113;5;8200;16/01/2016
113;7;3200;16/01/2016
113;13;3700;16/01/2016
31;6;9100;16/01/2021
31;11;10100;16/01/2021
31;14;10100;16/01/2021
31;16;10100;16/01/2021
31;21;20800;16/01/2021
31;23;26900;16/01/2021
31;25;30200;16/01/2021
31;7;4500;16/01/2021
31;13;6500;16/01/2021
111;6;8700;16/01/2017
111;11;9200;16/01/2017
111;14;10100;16/01/2017
111;16;10700;16/01/2017
111;21;11500;16/01/2017
111;23;33200;16/01/2017
111;25;38000;16/01/2017
111;22;24900;16/01/2017
100;6;7000;10/01/2015
100;11;7600;10/01/2015
100;14;16700;10/01/2015
43;4;6800;20/01/2021
43;5;9200;20/01/2021
43;7;2900;20/01/2021
43;13;2900;20/01/2021
102;6;11700;1/01/2018
102;11;18500;1/01/2018
102;14;16200;1/01/2018
102;16;20200;1/01/2018
102;21;40300;1/01/2018
102;23;57500;1/01/2018
102;25;57500;1/01/2018
28;6;10900;16/01/2021
28;11;12200;16/01/2021
28;14;26100;16/01/2021
28;16;42500;16/01/2021
28;21;48900;16/01/2021
28;1;10300;16/01/2021
28;4;6700;16/01/2021
28;5;10000;16/01/2021
12;6;13200;1/12/2020
12;11;39200;1/12/2020
12;14;19700;1/12/2020
12;16;51900;1/12/2020
12;21;58600;1/12/2020
12;23;65000;1/12/2020
12;25;78000;1/12/2020
12;7;400;1/12/2020
12;13;12100;1/12/2020
12;15;400;1/12/2020
12;9;1700;1/12/2020
12;10;6500;1/12/2020
13;6;13200;1/12/2020
13;11;39200;1/12/2020
13;14;19700;1/12/2020
13;16;51900;1/12/2020
13;21;58600;1/12/2020
13;23;65000;1/12/2020
13;25;78000;1/12/2020
13;7;400;1/12/2020
13;13;12100;1/12/2020
13;15;400;1/12/2020
13;9;1700;1/12/2020
13;10;6500;1/12/2020
110;6;8400;6/01/2021
110;11;12600;6/01/2021
110;14;11000;6/01/2021
110;16;14600;6/01/2021
110;21;24900;6/01/2021
110;23;33600;6/01/2021
110;25;36400;6/01/2021
60;13;7500;16/01/2021
3;1;9100;20/01/2017
3;4;6500;20/01/2017
3;5;8900;20/01/2017
116;6;7600;16/01/2017
116;11;8300;16/01/2017
116;14;21300;16/01/2017
116;16;26500;16/01/2017
116;21;31000;16/01/2017
116;1;9100;16/01/2017
116;4;6200;16/01/2017
116;5;8900;16/01/2017
116;7;2000;16/01/2017
116;13;2000;16/01/2017
20;6;7600;16/01/2017
20;11;8300;16/01/2017
20;14;21300;16/01/2017
20;16;26500;16/01/2017
20;21;31000;16/01/2017
20;1;9100;16/01/2017
20;4;6200;16/01/2017
20;5;8900;16/01/2017
84;6;8700;20/01/2017
100;16;21800;10/01/2015
100;21;25200;10/01/2015
100;1;7200;10/01/2015
100;4;5000;10/01/2015
100;5;6900;10/01/2015
7;6;11300;16/01/2021
7;11;12000;16/01/2021
7;14;12500;16/01/2021
7;16;13100;16/01/2021
7;21;27800;16/01/2021
7;23;38200;16/01/2021
7;25;41400;16/01/2021
7;7;7800;16/01/2021
26;6;11400;15/01/2021
26;11;12400;15/01/2021
26;14;11400;15/01/2021
26;16;14800;15/01/2021
26;21;30000;15/01/2021
26;23;40000;15/01/2021
26;25;44100;15/01/2021
26;1;10300;15/01/2021
26;4;7200;15/01/2021
26;5;10100;15/01/2021
27;6;10900;16/01/2021
27;11;12200;16/01/2021
27;14;26100;16/01/2021
27;16;42500;16/01/2021
27;21;48900;16/01/2021
27;1;10300;16/01/2021
27;4;6700;16/01/2021
27;5;10000;16/01/2021
27;7;2700;16/01/2021
58;6;11300;16/01/2021
58;11;12000;16/01/2021
58;14;12500;16/01/2021
58;16;13100;16/01/2021
58;21;27800;16/01/2021
58;23;38200;16/01/2021
58;25;41400;16/01/2021
58;7;5700;16/01/2021
33;6;11700;1/01/2018
33;11;18500;1/01/2018
33;14;16200;1/01/2018
33;16;20200;1/01/2018
33;21;40300;1/01/2018
33;23;57500;1/01/2018
33;25;57500;1/01/2018
33;7;1000;1/01/2018
33;13;1000;1/01/2018
33;15;1000;1/01/2018
33;17;1000;1/01/2018
33;22;1000;1/01/2018
33;24;1000;1/01/2018
33;26;1000;1/01/2018
43;6;13500;20/01/2021
43;11;19000;20/01/2021
43;14;26800;20/01/2021
43;16;56000;20/01/2021
43;21;69600;20/01/2021
43;23;82600;20/01/2021
43;1;9600;20/01/2021
89;5;8900;16/01/2017
105;6;8400;16/11/2014
105;11;21900;16/11/2014
105;14;16600;16/11/2014
105;16;32600;16/11/2014
105;21;37900;16/11/2014
105;23;43700;16/11/2014
105;25;48500;16/11/2014
105;7;400;16/11/2014
105;13;400;16/11/2014
105;15;400;16/11/2014
105;17;400;16/11/2014
105;22;400;16/11/2014
105;24;400;16/11/2014
105;26;400;16/11/2014
1;6;17100;16/01/2021
1;11;19300;16/01/2021
1;14;42100;16/01/2021
1;16;54800;16/01/2021
1;21;65500;16/01/2021
1;1;6600;16/01/2021
1;7;8500;16/01/2021
1;13;9700;16/01/2021
